Year,2020 Kia Stinger
2020,43000
2021,39755.4628940293
2022,36444.518467181166
2023,33159.15060240202
2024,32179.235999904995
2025,29919.739951934465
2026,26573.00022599447
2027,24630.429180057232
2028,24060.660075389133
2029,22340.641649804424
2030,18411.591961973805
2031,16467.85146350604
2032,17881.316446153476
2033,14623.57604000299
2034,14199.61377732677
2035,13978.804149145988
2036,12011.38921385541
2037,9711.125119548704
2038,8584.692998084704
2039,8332.806384075253
2040,9596.059540337606