Year,2012 Mercedes-Benz SLK 350
2012,45000
2013,42446.40575460572
2014,40058.680183088116
2015,38177.99907182632
2016,35419.44503157928
2017,31944.67417308157
2018,31648.282314081254
2019,28373.92760815963
2020,29427.04591101255
2021,26445.5142643782
2022,26320.343372864518
2023,24212.337550488086
2024,21973.63446314442
2025,19635.209428756454
2026,21027.220437469212
2027,19059.581702870968
2028,15995.106720895581
2029,15629.138417633316
2030,15928.194033677599
2031,12901.629123154053
2032,12063.296575852215
2033,12453.780185969625
2034,10927.727237502195
2035,11687.855911689214
2036,11458.110318726036
2037,10200.479114847552
2038,10567.315669881325
2039,10020.555348710737
2040,10980.363003851446
2041,10167.707796149572
2042,10106.8117531328935