Year,2002 Honda Civic
2002,15000
2003,14467.96788553308
2004,13688.370942130294
2005,13024.042336776043
2006,12305.830155098138
2007,11701.09718353298
2008,12231.24600438817
2009,11395.488525852665
2010,10102.81915126795
2011,10154.874923308504
2012,9419.260540506315
2013,9076.643396541167
2014,8703.31209289682
2015,8249.473782873985
2016,7893.71110582363
2017,7426.051808307824
2018,7108.4559497144455
2019,6533.284158081268
2020,6048.473882305957
2021,5586.853364300349
2022,5344.407222731569
2023,4258.917347024182
2024,4464.09063909251