Year,2018 Porsche Macan GTS
2024,34770.8452064144
2025,34659.379608040275
2026,33161.43630291971
2027,29682.79461384917
2028,28313.17432317185
2029,27227.902236922466
2030,26971.105787235683
2031,26034.604938847067
2032,25824.95806962852
2033,25311.10949271133
2034,24218.08577411662
2035,24295.352233098383
2036,24171.601400466323
2037,23170.03916646489
2038,21440.01236376073
2039,21004.161570550794
2040,20715.43089656459
2041,19815.04382695249
2042,19005.836324755197
2043,18778.366514303998
2044,17758.94097373