Year,2023 Kia Stinger
2024,44091.32790798735
2025,42842.273989017034
2026,41163.769642358595
2027,39287.13625720386
2028,37355.24806273358
2029,35093.92291018782
2030,33198.53949578001
2031,31273.746319372705
2032,29069.066444966706
2033,27218.874246052656
2034,24846.204309963534
2035,23261.914935129273
2036,21508.977676374154
2037,18000.039664149906
2038,16875.214593399574
2039,14488.872029911263
2040,13399.600206305287
2041,11745.899399971899
2042,10585.105682997428
2043,10789.284086166977