Year,2000 Toyota Supra MK4
2024,22828.81639896809
2025,22956.377793301013
2026,22038.122681568973
2027,27863.76154004659
2028,26749.21107844473
2029,31054.530988765488
2030,29812.349749214867
2031,36388.21633671898
2032,34932.68768325022
2033,40885.55949300497
2034,39250.13711328477
2035,44916.09699755251
2036,43119.45311765041
2037,48892.978676717365
2038,46937.25952964867
2039,55604.69546394803
2040,53380.50764539011
2041,62723.02900184188
2042,60214.10784176821
2043,58613.750826842945
2044,65539.69697885595