Year,2011 Chrysler 300C
2024,13268.740263019039
2025,13404.75464542289
2026,13029.037417318568
2027,9868.232628217702
2028,8722.614115649501
2029,8729.738699878473
2030,8968.524278278954
2031,9248.416436648176
2032,8236.171335956857
2033,6684.908226135106
2034,6021.932340373831
2035,5920.336617750266
2036,5869.273438831842
2037,5844.649386178977
2038,5987.5181570036834
2039,5807.0051376042447
2040,5645.6951780001586
2041,5500
2042,5456
2043,5342
2044,5120