Year,2010 Mercedes-AMG C63
2010,68000
2011,64678.57506190098
2012,59720.78435831076
2013,58261.80701251399
2014,51648.821238234035
2015,50968.06947777135
2016,46506.59833598994
2017,42970.141711490614
2018,39687.266146370064
2019,38129.79385283479
2020,33890.50052819465
2021,36864.90131671314
2022,33463.69527324164
2023,33541.90057460567
2024,33113.51159259316
2025,30438.634859432084
2026,22210.076829180274
2027,25380.362581671292
2028,24487.82097475654
2029,21477.712827109248
2030,20964.430126272324