Year,2019 Subaru Crosstrek
2019,25000
2020,24125.198625243607
2021,22938.63832466031
2022,22021.09516567405
2023,21042.371196709453
2024,19795.43116403887
2025,19394.66445787581
2026,19101.927320240902
2027,16948.192370025547
2028,17871.56290084006
2029,17453.91448727244
2030,15527.931167729495
2031,15934.316632742395
2032,16127.622250430593
2033,13249.073305164757
2034,14566.431813731662
2035,12877.059230457957
2036,13080.132605461546
2037,13832.981049956383
2038,11779.994899637524
2039,10897.85019703565