Year,2017 BMW M3
2017,65001
2018,61905.82888413993
2019,59338.261669900276
2020,55238.86641419203
2021,53849.05341082466
2022,52132.734540819736
2023,47606.23939147762
2024,46640.63029823053
2025,46550.65675646761
2026,40291.432258296
2027,38726.64618132082
2028,39351.85401128728
2029,37777.77985083579
2030,35295.22764133838
2031,33813.4316220738
2032,33298.38167641142
2033,34581.01293716124
2034,33197.772419674795
2035,29128.132826680165
2036,29448.950703851013
2037,28270.992675696973