Year,2010 Mazda RX-8
2010,31000
2011,29490.696004361464
2012,27543.713148198425
2013,26012.545901358873
2014,25673.317863159577
2015,24879.071884863126
2016,23489.507207105748
2017,21242.543878868222
2018,22286.114966245834
2019,21485.27707821642
2020,18301.663285765037
2021,17022.249069830148
2022,17095.16882366647
2023,16094.770824086756
2024,13399.11899485041
2025,13568.697531997848
2026,13025.949630717934
2027,13120.503598028008
2028,12595.683454106887
2029,13089.109109457797
2030,13841.777162296217