Year,2022 Alfa Romeo Giulia
2022,63000
2023,59696.54332281599
2024,56782.93091016089
2025,53892.36012328437
2026,50412.507910085915
2027,47317.814947929655
2028,45351.93225714723
2029,41941.54851057837
2030,39916.3427042773
2031,34151.66705287796
2032,38119.84605041226
2033,35394.9860843552
2034,33332.13442071788
2035,31359.993427499667
2036,26253.17764726196
2037,25084.327388802885
2038,23503.86403788493
2039,23952.250549038523
2040,25302.251657849065
2041,22597.65613633051
2042,20607.730413929796