Year,2015 Volvo V40
2024,17160.239624883983
2025,18401.805226131215
2026,17665.733017085968
2027,15452.466504842494
2028,12922.353449013995
2029,13441.862033358679
2030,12904.187552024332
2031,12953.04952315159
2032,12434.927542225527
2033,10958.090971251759
2034,11050.589489683363
2035,10608.56591009603
2036,10197.292504148785
2037,10993.520898687168
2038,10553.780062739681
2039,8799.35754872941
2040,9500.827324787906
2041,9120.79423179639
2042,6964.214656966932
2043,6363.641667078705
2044,6510.277648604511