Year,2018 Dodge Charger Daytona
2018,40000
2019,37424.14962773921
2020,35681.207328105775
2021,33593.681165192866
2022,31480.16256832242
2023,28841.686827364105
2024,27951.92290878183
2025,26987.73400881989
2026,26372.887886955585
2027,21540.690622984643
2028,20864.210770731235
2029,20943.696457771763
2030,21189.890165821125
2031,20304.195109810185
2032,18035.825270330253
2033,18184.67600925819
2034,13144.302762007239
2035,13518.454828113663
2036,14941.159709066058
2037,11784.745611643035
2038,11467.926598258602