Year,2020 Porsche 718 GT4
2020,110000
2021,106259.18069799079
2022,100686.58905402386
2023,98437.44784461019
2024,92753.59105789
2025,92979.8218746612
2026,90411.03806884133
2027,81913.87668940832
2028,80420.89309336581
2029,78948.39782857004
2030,77885.36203645988
2031,78060.9338615415
2032,72296.84635272667
2033,69989.25386351229
2034,67100.28494833976
2035,68708.26274704149
2036,70290.163515697
2037,71115.58146845581
2038,72364.21744793915
2039,74206.94507794517
2040,75282.29300468345