Year,2015 Mitsubishi Lancer EVO
2015,38000
2016,37273.836235127885
2017,36381.557386690656
2018,35753.91889082203
2019,34656.20521047076
2020,34359.16182279364
2021,33252.81727898019
2022,32950.273812368105
2023,32072.219962163304
2024,32043.180196120113
2025,27026.598826929465
2026,27175.685149703633
2027,27078.376922380372
2028,27595.919226032154
2029,24953.845359872284
2030,25338.050447333117
2031,23276.722038449516
2032,21118.12591972481
2033,20803.09589812011
2034,21888.4375671883
2035,21125.960477683624