Year,2024 Acura Integra Type S
2024,53000
2025,50614.53254300433
2026,47944.21217619794
2027,44940.356179279384
2028,42637.66810271106
2029,41904.40386472274
2030,40108.831216468985
2031,38154.16999311241
2032,34801.6924493891
2033,33636.49047385054
2034,34840.30250853992
2035,33418.339645987035
2036,32068.028248526716
2037,30544.487149957422
2038,30528.728180532722
2039,30610.685334082515
2040,31798.64795306799
2041,32432.766634080188
2042,32790.84510770353
2043,33738.66901028252
2044,35148.38796561454