Year,2000 BMW M3 E36
2000,40001
2001,39262.461980455555
2002,37959.91689942075
2003,38309.32776272753
2004,36726.225348051266
2005,34634.909834631966
2006,36678.377938758524
2007,35855.61879750811
2008,33002.61712295736
2009,33840.43033718457
2010,34716.33852073575
2011,33966.18061667799
2012,32361.230586447688
2013,27559.38156975654
2014,28090.672656752482
2015,26967.045750482383
2016,27483.354067697786
2017,26384.019904989877
2018,24571.246955176608
2019,24737.512850917963
2020,23748.012336881246
2021,24440.598943796947
2022,23462.97498604507
2023,22407.940034977517
2024,22599.405961178065