Year,2024 GMC Canyon
2024,48142
2025,44454.26145811155
2026,41325.095641429456
2027,39004.04261991488
2028,35186.83753674389
2029,32185.616385674024
2030,29016.145355052635
2031,28867.63833867904
2032,26725.42600466138
2033,24989.246027759807
2034,22214.882053752513
2035,21916.547224721628
2036,20795.282743980053
2037,18598.329976021425
2038,14812.494561865276
2039,13555.327351922904
2040,14125.423578215397
2041,14301.471495772243
2042,12225.706362525247
2043,11160.540332871225
2044,10910.149123891966