Year,2022 Mini Countryman
2022,36000
2023,32464.817873690674
2024,29309.932206342517
2025,25233.385130830873
2026,23309.784047711466
2027,20785.354067167293
2028,19255.74824866889
2029,16968.958140989245
2030,16061.633825621404
2031,13675.708720108449
2032,12417.993286992216
2033,10356.53890176064
2034,9508.979006409663
2035,8724.81671325487
2036,7848.482017294907
2037,6411.293003012612
2038,6902.842808900857
2039,5631.669465768941
2040,5519.53418703236
2041,5849.540022311976
2042,5678.3776337678523