Year,2018 Jeep Grand Cherokee
2018,60000
2019,55353.01648663258
2020,51433.01997513522
2021,48382.89548357749
2022,45040.9104784596
2023,40705.705590507634
2024,35227.55707812943
2025,32465.171721700666
2026,29279.454103766715
2027,28303.343580538138
2028,27947.842700052286
2029,26581.518806738186
2030,20728.52851848833
2031,21086.09565587261
2032,19479.911990064076
2033,16685.762343171176
2034,16113.66731503447
2035,16409.156569313447
2036,15858.128569222661
2037,14276.708108425113
2038,14019.061137526729