Year,2021 Ferrari 812 Superfast
2024,322581.8661327759
2025,322613.9193091099
2026,321598.0420278392
2027,311583.0770313171
2028,296833.23726750107
2029,298434.1683980012
2030,293210.5164313969
2031,294060.0111257926
2032,295129.2461897569
2033,296423.5371066914
2034,298468.4451542379
2035,298719.6507868374
2036,301774.9376198618
2037,294373.8581913046
2038,294986.3271913094
2039,301159.4286062967
2040,305484.22672828333
2041,305602.0769294099
2042,311904.849734184
2043,319110.9520395945
2044,323652.98577971844
2045,332029.741875221