Year,2009 Nissan 350Z
2024,17232.625346437813
2025,16956.639918138968
2026,16791.411819873843
2027,15477.693453907115
2028,16657.56309486019
2029,14553.090113538941
2030,13761.020836783626
2031,13722.89582427143
2032,13178.712915681377
2033,12470.521173225505
2034,11692.356885037592
2035,10238.837938581495
2036,10690.140483492693
2037,9960.850643449072
2038,7893.751469039072
2039,8377.059997596196
2040,8724.382647809769