Year,2018 Dodge Charger Hellcat
2024,48274.334484933504
2025,46712.20979071477
2026,44774.1139319519
2027,42731.49122307406
2028,41101.39505352942
2029,39548.37054726771
2030,37750.92440339969
2031,35865.579529552066
2032,32873.68393701777
2033,31462.320031041018
2034,27799.746418379775
2035,26245.642859536267
2036,23691.779586705714
2037,21970.77727547005
2038,17114.43330537406