Year,2024 BMW M3 Touring
2024,76996
2025,73124.39498541338
2026,69923.48000370526
2027,67589.80914744968
2028,66419.30956338391
2029,64133.613983763185
2030,58362.93545402642
2031,60125.395517708675
2032,57720.37969700033
2033,51325.592354146844
2034,48474.412921977746
2035,52285.570153198176
2036,50194.14734707025
2037,43080.81799303742
2038,38800.272293530696
2039,39315.75504219662
2040,37743.12484050876
2041,39039.24677640704
2042,37477.67690535076
2043,34392.142744455035
2044,29262.66912059162