Year,2016 Nissan 370Z
2016,36000
2017,34487.39811284469
2018,33067.324257587294
2019,32099.54879060756
2020,31094.423835577254
2021,28579.086035052846
2022,28776.77053699546
2023,26727.47326732798
2024,25901.30205678196
2025,26326.651475792143
2026,23777.95106027106
2027,21146.728428120634
2028,19958.15836484267
2029,20398.418231038813
2030,18029.333631635545
2031,18407.008232080138
2032,18493.58333217288
2033,17591.33335748532
2034,15516.86639815992
2035,15397.932883084552
2036,13457.922383949022