Year,2020 Chevrolet Corvette
2020,70000
2021,66313.90698505865
2022,63790.0847762334
2023,60487.449341456515
2024,59151.111178936844
2025,52912.144870781216
2026,50017.5961190581
2027,50156.61086575952
2028,48944.44624209297
2029,43509.42523536864
2030,46161.285519011144
2031,44360.80713562961
2032,40104.09231532246
2033,33197.057149664906
2034,38453.71141096455
2035,28557.748892314696
2036,30651.0721553284
2037,28516.33052047401
2038,26008.885420177205
2039,27332.772823820782
2040,25951.79374409845