Year,2018 BMW M5
2018,101002
2019,96752.52913256179
2020,93805.74523941893
2021,86573.01679260217
2022,83290.44553662036
2023,77604.53174651324
2024,80243.5598970451
2025,77822.76864972076
2026,74857.94502652923
2027,72061.82121113245
2028,64911.08248505428
2029,64831.44725496884
2030,61999.58957683486
2031,58228.38097332379
2032,60849.01649923334
2033,58346.73149575107
2034,55311.24741614713
2035,48839.35855801659
2036,44622.8762502841
2037,40471.59487076048
2038,39766.567433694756