Year,2020 Porsche Taycan
2020,86000
2021,83083.677792702
2022,79531.22976422928
2023,79053.39850040791
2024,75026.83749748718
2025,75368.76406366262
2026,73836.2695979208
2027,70726.52396784205
2028,69376.04318143829
2029,67889.45800965084
2030,63554.708839714884
2031,62534.844687325385
2032,60626.39692651491
2033,59763.405091505185
2034,56206.84630354056
2035,59746.39041215854
2036,60534.056631132466
2037,56056.83722438911
2038,52555.136230080316
2039,48281.33770533757
2040,41843.48592033071