Year,2018 Mazda MX-5
2024,21723.76837481952
2025,20168.28405968577
2026,18674.184425743846
2027,18677.080271665294
2028,17769.785983482496
2029,17206.602989474042
2030,16360.02663518291
2031,15424.807199688921
2032,13897.250926152656
2033,13964.51304733179
2034,13759.69801389594
2035,14614.859428579064
2036,14176.809373613109
2037,13216.409082713748
2038,13082.19488546607