Year,2023 Hyundai IONIQ 6
2023,49000
2024,45139.37178257746
2025,41555.86415855428
2026,38377.70669503049
2027,36984.620042102986
2028,33414.849912964404
2029,31529.213321298317
2030,29714.73558769203
2031,26037.439532185646
2032,25334.473689147064
2033,24342.674237223386
2034,21626.327913250472
2035,18603.700519180624
2036,19612.277452638515
2037,18864.351484743147
2038,17430.26768754954
2039,16480.147548276822
2040,13698.589561393905
2041,13412.960104513904
2042,10192.220507972792
2043,10306.285131899765