Year,2017 Cadillac ATS-V
2017,61000
2018,55807.27283026762
2019,51804.14849853802
2020,49359.44104850094
2021,43639.421515828166
2022,39098.24638473959
2023,35644.723203820955
2024,36297.919050537086
2025,37023.87743154783
2026,31989.557182611356
2027,27744.177611189112
2028,22962.479527126085
2029,22005.091262177673
2030,23297.52224308287
2031,23763.472687944526
2032,18745.987468422372
2033,16743.697075140477
2034,16836.765622893836
2035,17173.500935351713
2036,15237.072564556522
2037,15970.68438025989