Year,2022 Alpine A110
2022,85000
2023,81936.44382027461
2024,79944.36766696532
2025,75806.50008011326
2026,75924.72517239861
2027,72905.01582886647
2028,66420.46734132759
2029,65570.85588142659
2030,62945.25356660232
2031,59781.3090079247
2032,56626.2437481788
2033,62040.991737353586
2034,55275.83254604556
2035,55402.31615081483
2036,54974.91415012992
2037,43316.54459501051
2038,44217.7135040145
2039,40876.69121965991
2040,40967.6496263817
2041,42073.63982776376
2042,42794.21157716945