Year,Predicted,Actual
2014,78000,78000
2015,68267,64591.15621
2016,59837,57553.29804
2017,52183,47270.08257
2018,45326,37963.51127
2019,39342,34751.50421
2020,34891,28519.12878
2021,30047,27863.57526
2022,26623,27808.7389
2023,22299,22225.43913
2024,19326,18228.91751