Year,2018 Mercedes-AMG C63S
2018,79000
2019,75730.53349760268
2020,74501.87107723535
2021,70886.68995787947
2022,70875.39959418913
2023,67303.80725494082
2024,65534.84989733216
2025,58012.60923820458
2026,61215.926817474836
2027,58767.289744775844
2028,59673.78235103269
2029,57286.83105699139
2030,50569.69083755159
2031,51677.9283678188
2032,49610.81123310605
2033,49867.681611369655
2034,47872.97434691487
2035,40771.61720458901
2036,41231.21671640843
2037,39581.968047752096
2038,39879.157631137066