Year,2018 Audi RS3
2018,57000
2019,54470.9124674423
2020,50899.43740534954
2021,48709.493567253805
2022,47423.769423599224
2023,43187.706371950546
2024,41462.28603049911
2025,40934.46027861547
2026,38193.357255372786
2027,36448.07038448905
2028,37122.76460928192
2029,32436.576630328396
2030,29832.90165208582
2031,29689.98122345215
2032,25401.535464643395
2033,28960.228776105007
2034,21958.45746293384
2035,23124.409083000315
2036,19831.749882456592
2037,20497.297980111514
2038,17978.214716172468