Year,2018 Honda Civic Type R
2024,29498.54851729982
2025,27322.291048311465
2026,28530.217300842123
2027,27894.82065531294
2028,26657.892932829905
2029,24991.377385468626
2030,21848.197223098225
2031,22348.978771936505
2032,21786.365664183664
2033,20374.140922717797
2034,17702.06048609085
2035,17801.595728268698
2036,17557.91294794933
2037,14896.13823652974
2038,13436.525870500753